old_url,old_title,old_status,old_indexable,old_inlinks,old_type,old_language,keep_candidate,reason,new_url_candidate,match_confidence,notes
https://www.blancareal.com/,BlancaReal: Luxury Properties on the Costa del Sol 🏡☀️,200,true,145,home,en,yes,Primary homepage candidate.,https://blancareal.com/en/,high,Has obvious duplicate alias(es): https://www.blancareal.com/home/. Legacy root home.
https://www.blancareal.com/blog/,Blog | BlancaReal,200,true,157,blog_index,en,yes,Public editorial index page.,https://blancareal.com/en/posts/,high,Legacy blog index.
https://www.blancareal.com/our-developments/,Our Developments | BlancaReal,200,true,141,service_page,en,yes,Business or transactional landing page.,https://blancareal.com/en/projects/,high,Has obvious duplicate alias(es): https://www.blancareal.com/our-developments-2/. Legacy developments index.
https://www.blancareal.com/contact/,Contact | BlancaReal,200,true,141,service_page,en,yes,Business or transactional landing page.,https://blancareal.com/en/contact/,high,Has obvious duplicate alias(es): https://www.blancareal.com/contact-blancareal-costadel-sol/. Legacy contact page.
https://www.blancareal.com/faqs/,FAQs | BlancaReal,200,true,141,service_page,en,yes,Business or transactional landing page.,,,
https://www.blancareal.com/new-construction/,New construction | BlancaReal,200,true,141,service_page,en,yes,Business or transactional landing page.,,,
https://www.blancareal.com/services/,Services | BlancaReal,200,true,141,service_page,en,yes,Business or transactional landing page.,,,
https://www.blancareal.com/luxury-villas/,Luxury villas | BlancaReal,200,true,141,service_page,en,yes,Business or transactional landing page.,,,
https://www.blancareal.com/second-hand/,Second hand | BlancaReal,200,true,141,service_page,en,yes,Business or transactional landing page.,,,Has obvious duplicate alias(es): https://www.blancareal.com/second-hand-2/.
https://www.blancareal.com/we-sell-your-home-professional-mediation-with-in-house-legal-services-and-marketing/,We sell your home! Professional mediation with in-house legal services and marketing | BlancaReal,200,true,33,other,en,yes,Informational or business content page worth manual migration review.,https://blancareal.com/en/post/sell-your-home-blancareal/,high,Legacy post slug mapped through explicit alias (sell-your-home-blancareal).
https://www.blancareal.com/property/sea-view-penthouse-arenal-golf-double-parking-storage/,Exterior Home with Sea Views in Arenal Golf – Double Parking & Storage Room | BlancaReal,200,true,35,property,en,yes,Property detail or property-related landing page.,,,
https://www.blancareal.com/how-can-i-legally-rent-my-property-to-tourists-in-andalusia/,How can I legally rent my property to tourists in Andalusia? | BlancaReal,200,true,33,other,en,yes,Informational or business content page worth manual migration review.,https://blancareal.com/en/post/rent-your-home-to-tourists-andalucia/,high,Legacy post slug mapped through explicit alias (rent-your-home-to-tourists-andalucia).
https://www.blancareal.com/category/real-estate-news/,Real Estate News archivos | BlancaReal,200,true,33,category,en,maybe,Category archive needs review before consolidation or retirement.,,,
https://www.blancareal.com/category/uncategorized/,Uncategorized archivos | BlancaReal,200,true,33,category,en,maybe,Category archive needs review before consolidation or retirement.,,,
https://www.blancareal.com/category/real-estate-6/,Real Estate archivos | BlancaReal,200,true,30,category,en,maybe,Category archive needs review before consolidation or retirement.,,,
https://www.blancareal.com/legal-information-on-illegal-occupation-in-spain/,LEGAL INFORMATION ON ILLEGAL OCCUPATION IN SPAIN | BlancaReal,200,true,30,other,en,yes,Informational or business content page worth manual migration review.,https://blancareal.com/en/post/legal-information-illegal-occupation-spain/,high,Legacy post slug mapped through explicit alias (legal-information-illegal-occupation-spain).
https://www.blancareal.com/category/new-develpments/,New develpments archivos | BlancaReal,200,true,30,category,en,maybe,Category archive needs review before consolidation or retirement.,,,
https://www.blancareal.com/property/newly-built-luxury-appartment-costa-del-sol/,NEWLY BUILT LUXURY APPARTMENT COSTA DEL SOL | BlancaReal,200,true,26,property,en,yes,Property detail or property-related landing page.,,,
https://www.blancareal.com/trade-war-us-costa-del-sol-europe-international/,How Will the Trump’s Tariffs Affect the Property Market in Spain and the Costa del Sol? | BlancaReal,200,true,30,other,en,yes,Informational or business content page worth manual migration review.,,,
https://www.blancareal.com/property/staylish-villa-with-sea-views-marbella-east/,Staylish villa with sea views Marbella East | BlancaReal,200,true,26,property,en,yes,Property detail or property-related landing page.,,,
https://www.blancareal.com/category/arquitecture-and-design/,Arquitecture and Design archivos | BlancaReal,200,true,30,category,en,maybe,Category archive needs review before consolidation or retirement.,,,
https://www.blancareal.com/category/partners/,Partners archivos | BlancaReal,200,true,30,category,en,maybe,Category archive needs review before consolidation or retirement.,,,
https://www.blancareal.com/property/penthouses-with-sea-views-in-estepona/,PENTHOUSES WITH SEA VIEWS IN ESTEPONA | BlancaReal,200,true,17,property,en,yes,Property detail or property-related landing page.,,,
https://www.blancareal.com/property/luxury-apartments-with-sea-views-in-ojen/,LUXURY APARTMENTS WITH SEA VIEWS IN OJÉN | BlancaReal,200,true,17,property,en,yes,Property detail or property-related landing page.,,,
https://www.blancareal.com/taxes-pay-costa-del-sol-property/,Which taxes do i need to pay for a Costa del Sol property?,200,true,15,other,en,yes,Informational or business content page worth manual migration review.,https://blancareal.com/en/post/taxes-pay-costa-del-sol-property/,high,Legacy post slug matches a current post slug exactly.
https://www.blancareal.com/property/newly-built-penthouse-apartment-in-el-higueron/,NEWLY BUILT PENTHOUSE APARTMENT IN EL HIGUERON | BlancaReal,200,true,13,property,en,yes,Property detail or property-related landing page.,,,
https://www.blancareal.com/dorronsoro-architeture-firm-behind-calahonda-sunset/,DORRONSORO: ARQUITECTURE FIRM BEHIND CALAHONDA SUNSET | BlancaReal,200,true,3,other,en,yes,Informational or business content page worth manual migration review.,https://blancareal.com/en/post/dorronsoro-architects-behind-calahonda-sunset/,high,Legacy post slug mapped through explicit alias (dorronsoro-architects-behind-calahonda-sunset).
https://www.blancareal.com/property/holiday-rental-apartment-near-the-beach-mijas-costa/,Holiday Rental Apartment near the Beach | Mijas Costa | BlancaReal,200,true,2,property,en,yes,Property detail or property-related landing page.,,,
https://www.blancareal.com/blanca-real-continues-to-support-malaga-expo-2027/,BLANCA REAL CONTINUES TO SUPPORT MALAGA EXPO 2027 | BlancaReal,200,true,2,other,en,yes,Informational or business content page worth manual migration review.,,,
https://www.blancareal.com/who-pays-real-estate-commission-fees-in-spain/,Who Pays Real Estate Commission Fees in Spain? | BlancaReal,200,true,2,other,en,yes,Informational or business content page worth manual migration review.,,,
https://www.blancareal.com/property/newly-built-apartments-fuengirola-costa-del-sol/,"NEWLY BUILT APARTMENTS FUENGIROLA, COSTA DEL SOL | BlancaReal",200,true,1,property,en,yes,Property detail or property-related landing page.,,,
https://www.blancareal.com/property/apartments-for-sale-1-2-or-3-beds-with-sea-views-mijas/,"APARTMENTS FOR SALE 1, 2, OR 3 BEDS WITH SEA VIEWS | MIJAS | BlancaReal",200,true,5,property,en,yes,Property detail or property-related landing page.,,,
https://www.blancareal.com/property/new-build-flats-in-el-higueron-fuengirola/,"NEW BUILD APARTMENTS IN FUENGIROLA, COSTA DEL SOL | BlancaReal",200,true,4,property,en,yes,Property detail or property-related landing page.,,,
https://www.blancareal.com/property/newly-built-appartments-fuengirola-costa-del-sol/,"NEWLY BUILT APARTMENTS FUENGIROLA, COSTA DEL SOL | BlancaReal",200,true,1,property,en,yes,Property detail or property-related landing page.,,,
https://www.blancareal.com/property/houses-for-sale-mijas/,"TOWNHOUSES IN MIJAS COSTA, COSTA DEL SOL | BlancaReal",200,true,6,property,en,yes,Property detail or property-related landing page.,,,
https://www.blancareal.com/property/commercial-property-la-cala-de-mijas-centre/,START YOUR RESTAURANT IN COSTA DEL SOL | BlancaReal,200,true,1,property,en,yes,Property detail or property-related landing page.,,,
https://www.blancareal.com/property/urban-plot-for-sale-torrox-malaga/,URBAN PLOT FOR SALE TORROX-MALAGA | BlancaReal,200,true,3,property,en,yes,Property detail or property-related landing page.,,,
https://www.blancareal.com/property/beachfront-villa-in-costa-del-sol-for-rent/,BEACHFRONT VILLA IN COSTA DEL SOL FOR RENT | BlancaReal,200,true,2,property,en,yes,Property detail or property-related landing page.,,,
https://www.blancareal.com/property/plot-for-sale-in-mijas/,Plot for sale in Mijas Costa | BlancaReal,200,true,3,property,en,yes,Property detail or property-related landing page.,,,
https://www.blancareal.com/property/plot-in-nueva-andalucia-with-project-marbella/,"PLOT IN NUEVA ANDALUCIA WITH PROJECT, MARBELLA | BlancaReal",200,true,5,property,en,yes,Property detail or property-related landing page.,,,
https://www.blancareal.com/property/wonderful-indipendent-detached-villa-in-cabopino-marbella/,"WONDERFUL INDEPENDENT DETACHED VILLA IN CABOPINO, MARBELLA | BlancaReal",200,true,3,property,en,yes,Property detail or property-related landing page.,,,
https://www.blancareal.com/property/new-construction-luxury-villa-with-swimming-pool-in-el-higueron-fuengirola/,NEWLY BUILT LUXURY PENTHOUSES IN COSTA DEL SOL | BlancaReal,200,true,6,property,en,yes,Property detail or property-related landing page.,,,
https://www.blancareal.com/property/exclusive-luxury-villas-project-with-sea-views-in-mijas/,EXCLUSIVE LUXURIOUS VILLAS PROJECT WITH SEA VIEWS IN MIJAS | BlancaReal,200,true,1,property,en,yes,Property detail or property-related landing page.,,,
https://www.blancareal.com/why-buy-house-malaga-with-agency/,Why buy a house in Malaga with a real estate agency?,200,true,1,other,en,yes,Informational or business content page worth manual migration review.,https://blancareal.com/en/post/why-buy-house-malaga-with-agency/,high,Legacy post slug matches a current post slug exactly.
https://www.blancareal.com/style-properties-costa-del-sol/,The minimalist style of the Costa del Sol properties.,200,true,2,other,en,yes,Informational or business content page worth manual migration review.,,,
https://www.blancareal.com/property/properties-for-sale-in-mijas-costa/,🏖️☀️CONTEMPORARY STYLE VILLAS IN MIJAS COSTA DEL SOL | BlancaReal,200,true,4,property,en,yes,Property detail or property-related landing page.,,,
https://www.blancareal.com/property/2-3-bedroom-apartments-sea-views-sotogrande/,2 or 3 BEDROOMS APARTMENTS FOR SALE WITH SEA VIEWS NEXT TO SOTOGRANDE | BlancaReal,200,true,2,property,en,yes,Property detail or property-related landing page.,,,
https://www.blancareal.com/property/newly-built-3-bedrooms-apartments-fuengirola-costa-del-sol/,"NEWLY BUILT 3 BEDROOMS APARTMENTS FUENGIROLA, COSTA DEL SOL | BlancaReal",200,true,1,property,en,yes,Property detail or property-related landing page.,,,
https://www.blancareal.com/property/penthouse-with-private-pool-for-sale-in-estepona/,3-4 BEDS PENTHOUSE ESTEPONA CLOSE TO THE BEACH | BlancaReal,200,true,0,property,en,yes,Property detail or property-related landing page.,,,
https://www.blancareal.com/property/flats-in-fuengirola/,New Build Flats in Fuengirola | BlancaReal,200,true,0,property,en,yes,Property detail or property-related landing page.,,,
https://www.blancareal.com/vacation/,Vacation | BlancaReal,200,true,0,service_page,en,yes,Business or transactional landing page.,,,
https://www.blancareal.com/property/houses-for-sale-fuengirola/,"EXCLUSIVE APARTMENTS FUENGIROLA CENTRE, COSTA DEL SOL | BlancaReal",200,true,0,property,en,yes,Property detail or property-related landing page.,,,
https://www.blancareal.com/property/new-construction-villas-with-sea-views-in-manilva/,NEW CONSTRUCTION VILLAS WITH SEA VIEWS IN MANILVA | BlancaReal,200,true,0,property,en,yes,Property detail or property-related landing page.,,,
https://www.blancareal.com/property/majestic-villas-with-sea-views-in-mijas-costa-del-sol/,MAJESTIC VILLAS WITH SEA VIEWS IN MIJAS | COSTA DEL SOL | BlancaReal,200,true,0,property,en,yes,Property detail or property-related landing page.,,,
https://www.blancareal.com/home/,BlancaReal: Luxury Properties on the Costa del Sol 🏡☀️,200,true,0,home,en,no,Clear duplicate or alias of another legacy URL.,https://blancareal.com/en/,high,Obvious duplicate of /. Legacy home alias. Canonical legacy counterpart: /.
https://www.blancareal.com/property/3-bedroom-flat-in-estepona/,3 BEDROOM APARTMENTS ESTEPONA BEACH AT 5 MINUTS | BlancaReal,200,true,0,property,en,yes,Property detail or property-related landing page.,,,
https://www.blancareal.com/property/2-bedroom-flat-in-estepona/,2 BEDROOM APARTMENT ESTEPONA | BlancaReal,200,true,0,property,en,yes,Property detail or property-related landing page.,,,
https://www.blancareal.com/property/villa-for-sale-in-marbella/,Palo Alto Ojén Marbella | BlancaReal,200,true,0,property,en,yes,Property detail or property-related landing page.,,,
https://www.blancareal.com/es/que-conlleva-obtener-hoy-el-certificado-a-en-viviendas/,¿Qué conlleva obtener hoy el certificado A en viviendas? | BlancaReal,200,true,0,other,es,yes,Informational or business content page worth manual migration review.,,,
https://www.blancareal.com/property/new-development-apartments-estepona-costa-del-sol/,"NEW DEVELOPMENT APARTMENTS ESTEPONA, COSTA DEL SOL | BlancaReal",200,true,0,property,en,yes,Property detail or property-related landing page.,,,
https://www.blancareal.com/property-search/,Property search | BlancaReal,200,true,0,service_page,en,yes,Business or transactional landing page.,https://blancareal.com/en/properties/,high,Legacy property search page.
https://www.blancareal.com/property/luxury-flat-with-sea-view-in-marbella-2/,LUXURY APARTMENT WITH SEA VIEW IN MARBELLA | BlancaReal,200,true,0,property,en,yes,Property detail or property-related landing page.,,,
https://www.blancareal.com/about-us/,About us | BlancaReal,200,false,141,service_page,en,no,URL is live but non-indexable in the old site.,https://blancareal.com/en/about/,high,"Has obvious duplicate alias(es): https://www.blancareal.com/about-us-2/. Legacy about page. Kept in the master for audit completeness, not as a primary migration candidate."
https://blancareal.com/,BlancaReal: Luxury Properties on the Costa del Sol 🏡☀️,200,false,1,home,en,no,URL is live but non-indexable in the old site.,https://blancareal.com/en/,high,"Has obvious duplicate alias(es): https://www.blancareal.com/home/. Legacy root home. Kept in the master for audit completeness, not as a primary migration candidate."
https://www.blancareal.com/5-reasons-invest-costa-del-sol-given-instability-middle-east/,5 reasons to invest on the Costa del Sol amid instability in the Middle East,200,true,33,other,en,yes,Informational or business content page worth manual migration review.,https://blancareal.com/en/post/5-reasons-invest-costa-del-sol-given-instability-middle-east/,high,Legacy post slug matches a current post slug exactly.
https://www.blancareal.com/property/luxury-villa-nueva-andalucia-marbella/,"Sophisticated Luxury Villa in Nueva Andalucia, Marbella | BlancaReal",200,true,28,property,en,yes,Property detail or property-related landing page.,,,
https://www.blancareal.com/es/blog/,Blog | BlancaReal,200,true,21,blog_index,es,yes,Public editorial index page.,https://blancareal.com/es/posts/,high,Legacy blog index.
https://www.blancareal.com/property/new-build-3-beds-penthouse-fuengirola-costa-del-sol/,"NEW BUILD 3 BEDS PENTHOUSE FUENGIROLA, COSTA DEL SOL | BlancaReal",200,false,13,property,en,no,URL is live but non-indexable in the old site.,,,"Kept in the master for audit completeness, not as a primary migration candidate."
https://www.blancareal.com/property/house-for-sale-in-nagueles-marbella/,EXCELENT VILLA IN MARBELLA | BlancaReal,200,false,12,property,en,no,URL is live but non-indexable in the old site.,,,"Kept in the master for audit completeness, not as a primary migration candidate."
https://www.blancareal.com/de/blog/,Blog | BlancaReal,200,true,15,blog_index,de,yes,Public editorial index page.,https://blancareal.com/de/posts/,high,Legacy blog index.
https://www.blancareal.com/property/plot-with-luxury-villa-project-close-to-marbella/,PLOT WITH LUXURY VILLA PROJECT CLOSE TO MARBELLA | BlancaReal,200,false,1,property,en,no,URL is live but non-indexable in the old site.,,,"Kept in the master for audit completeness, not as a primary migration candidate."
https://www.blancareal.com/nl/bloggen/,Bloggen | BlancaReal,200,true,15,blog_index,nl,yes,Public editorial index page.,https://blancareal.com/nl/posts/,high,Legacy Dutch blog index.
https://www.blancareal.com/fr/blog/,Blog | BlancaReal,200,true,15,blog_index,fr,yes,Public editorial index page.,https://blancareal.com/fr/posts/,high,Legacy blog index.
https://www.blancareal.com/property/new-houses-for-sale-in-fuengirola/,"Condesa Hills: new residential complex near Sohail Castle, Fuengirola",200,false,2,property,en,no,URL is live but non-indexable in the old site.,,,"Kept in the master for audit completeness, not as a primary migration candidate."
https://www.blancareal.com/it/blog/,Blog | BlancaReal,200,true,15,blog_index,it,yes,Public editorial index page.,https://blancareal.com/it/posts/,high,Legacy blog index.
https://www.blancareal.com/blancareal-and-resimo-innovative-real-estate-experience-on-the-costa-del-sol/,BLANCAREAL AND RESIMO: INNOVATIVE REAL ESTATE EXPERIENCE ON THE COSTA DEL SOL | BlancaReal,200,true,4,other,en,yes,Informational or business content page worth manual migration review.,,,
https://www.blancareal.com/blog/page/3/,Blog | Page 3 of 5 | BlancaReal,200,true,6,blog_pagination,en,maybe,Pagination archive may be consolidated instead of recreated.,,,
https://www.blancareal.com/property/,Properties archivo | BlancaReal,200,false,0,property,en,no,URL is live but non-indexable in the old site.,https://blancareal.com/en/properties/,high,"Legacy property archive root. Kept in the master for audit completeness, not as a primary migration candidate."
https://www.blancareal.com/de/steuern-haus-kaufen-spanien/,Welche Steuern muss ich für den Kauf einer Immobilie in Spanien bezahlen?,200,true,8,other,de,yes,Informational or business content page worth manual migration review.,,,
https://www.blancareal.com/blog/page/2/,Blog | Page 2 of 5 | BlancaReal,200,true,6,blog_pagination,en,maybe,Pagination archive may be consolidated instead of recreated.,,,
https://www.blancareal.com/blog/page/4/,Blog | Page 4 of 5 | BlancaReal,200,true,6,blog_pagination,en,maybe,Pagination archive may be consolidated instead of recreated.,,,
https://www.blancareal.com/property/spectacular-new-build-property-fuengirola/,"Spectacular new-build property in El Higuerón, Fuengirola | BlancaReal",200,true,4,property,en,yes,Property detail or property-related landing page.,,,
https://www.blancareal.com/property/new-townhouses-san-pedro-de-alcantara/,New Townhouses in San Pedro de Alcántara | BlancaReal,200,true,6,property,en,yes,Property detail or property-related landing page.,https://blancareal.com/en/property/townhouses-san-pedro-de-alcantara/,high,Legacy property slug mapped through explicit alias (townhouses-san-pedro-de-alcantara).
https://www.blancareal.com/property/plot-for-sale-mijas-costa/,Land for sale in Mijas Costa | BlancaReal,200,true,4,property,en,yes,Property detail or property-related landing page.,,,
https://www.blancareal.com/property/beautiful-apartment-san-pedro/,Beautiful Apartment in San Pedro de Alcántara | BlancaReal,200,true,4,property,en,yes,Property detail or property-related landing page.,,,
https://www.blancareal.com/property/beautiful-modern-1st-floor-apartment-las-lagunas-de-mijas/,Beautiful Modern 1st Floor Apartment in Las Lagunas de Mijas | BlancaReal,200,true,4,property,en,yes,Property detail or property-related landing page.,,,
https://www.blancareal.com/property/3-bedroom-apartment-beachfront-fuengirola/,3-Bedroom Apartment on the Beachfront in Fuengirola | BlancaReal,200,true,4,property,en,yes,Property detail or property-related landing page.,https://blancareal.com/en/property/3-bedroom-apartment-paseo-maritimo-fuengirola/,high,Legacy property slug mapped through explicit alias (3-bedroom-apartment-paseo-maritimo-fuengirola).
https://www.blancareal.com/it/tasse-comprare-casa-in-spagna/,Quali tasse devo pagare per comprare casa in Spagna?,200,true,8,other,it,yes,Informational or business content page worth manual migration review.,,,
https://www.blancareal.com/blog/page/5/,Blog | Page 5 of 5 | BlancaReal,200,true,5,blog_pagination,en,maybe,Pagination archive may be consolidated instead of recreated.,,,
https://www.blancareal.com/es/gastos-comprar-piso-en-malaga/,¿Qué gastos necesito pagar para comprar piso en Málaga?,200,true,8,other,es,yes,Informational or business content page worth manual migration review.,,,
https://www.blancareal.com/fr/impots-achat-maison-en-espagne/,Quels son les impôts à payer à l’achat d’une maison en espagne?,200,true,8,other,fr,yes,Informational or business content page worth manual migration review.,,,
https://www.blancareal.com/property/3-story-family-home-fuengirola/,3-story Family Home in Fuengirola | BlancaReal,200,true,6,property,en,yes,Property detail or property-related landing page.,,,
https://www.blancareal.com/property/bright-apartment-san-pedro-de-alcantara/,Bright Apartment in San Pedro de Alcántara | BlancaReal,200,true,6,property,en,yes,Property detail or property-related landing page.,,,
https://www.blancareal.com/tag/taxes/,taxes archivos | BlancaReal,200,true,1,tag,en,maybe,Tag archive needs review before consolidation or retirement.,,,
https://www.blancareal.com/property/townhouse-with-sea-and-fuengirola-views-costa-del-sol/,"TOWNHOUSE WITH SEA AND FUENGIROLA VIEWS, COSTA DEL SOL | BlancaReal",200,true,2,property,en,yes,Property detail or property-related landing page.,,,
https://www.blancareal.com/property/almitak-offplan-appartements-and-penthouses-mijas-costa/,ALMITAK- OFFPLAN APPARTEMENTS AND PENTHOUSES MIJAS COSTA | BlancaReal,200,true,3,property,en,yes,Property detail or property-related landing page.,,,
https://www.blancareal.com/property/3b-apartment-with-sea-views-estepona/,3B APARTMENT WITH SEA VIEWS ESTEPONA | BlancaReal,200,true,0,property,en,yes,Property detail or property-related landing page.,,,
https://www.blancareal.com/contact-blancareal-costadel-sol/,Contact | BlancaReal,200,true,0,service_page,en,no,Clear duplicate or alias of another legacy URL.,https://blancareal.com/en/contact/,high,Obvious duplicate of /contact/. Legacy contact alias. Canonical legacy counterpart: /contact/.
https://www.blancareal.com/property/new-build-property-los-pacos-fuengirola/,"Exclusive New-build Property in Los Pacos, Fuengirola | BlancaReal",200,true,0,property,en,yes,Property detail or property-related landing page.,,,
https://www.blancareal.com/rentals/,Villas and flats for rent in Malaga and province | BlancaReal,200,true,0,service_page,en,yes,Business or transactional landing page.,,,Has obvious duplicate alias(es): https://www.blancareal.com/rentals-2/.
https://www.blancareal.com/es/el-precio-de-la-eficiencia-energetica-una-comparativa-desde-ahorro-en-luz-hasta-sostenibilidad/,El precio de la eficiencia energética. Una comparativa desde ahorro en luz hasta sostenibilidad. | BlancaReal,200,true,0,other,es,yes,Informational or business content page worth manual migration review.,,,
https://www.blancareal.com/sustainable-fuengirola/,Sustainable Fuengirola | BlancaReal,200,true,2,other,en,yes,Informational or business content page worth manual migration review.,,,
https://www.blancareal.com/property/new-construction-villa-in-el-higueron/,NEW CONSTRUCTION VILLA IN EL HIGUERON | BlancaReal,200,true,0,property,en,yes,Property detail or property-related landing page.,,,
https://www.blancareal.com/property/luxury-villa-at-the-heart-of-conde-de-urena/,LUXURY VILLA AT MALAGA CENTRE | BlancaReal,200,true,0,property,en,yes,Property detail or property-related landing page.,,,
https://www.blancareal.com/es/certificados-de-eficiencia-energetica-de-clase-a/,Certificados de eficiencia energética de clase A | BlancaReal,200,true,0,other,es,yes,Informational or business content page worth manual migration review.,,,
https://www.blancareal.com/our-developments-2/,Our Developments | BlancaReal,200,true,0,service_page,en,no,Clear duplicate or alias of another legacy URL.,https://blancareal.com/en/projects/,high,Obvious duplicate of /our-developments/. Legacy duplicate developments index. Canonical legacy counterpart: /our-developments/.
https://www.blancareal.com/property/semi-detached-villa-with-sea-view/,Semi-detached villa with sea view in Calahonda | BlancaReal,200,true,0,property,en,yes,Property detail or property-related landing page.,,,
https://www.blancareal.com/property/new-construction-villa-in-el-higueron-2/,NEW CONSTRUCTION VILLA IN EL HIGUERON | BlancaReal,200,true,1,property,en,yes,Property detail or property-related landing page.,,,
https://www.blancareal.com/property/3-bedrooms-apartment-marbella-east/,3 BEDROOMS APARTMENT MARBELLA EAST | BlancaReal,200,true,0,property,en,yes,Property detail or property-related landing page.,,,
https://www.blancareal.com/property/apartment-to-rent-mijas-costa/,"Flat for 4 people in El Chaparral, Mijas | BlancaReal",200,true,0,property,en,yes,Property detail or property-related landing page.,,,
https://www.blancareal.com/property/viviendas-con-vistas-panoramicas-al-mar-y-al-golf-en-un-entorno-exclusivo/,"Exclusive Homes with Panoramic Sea and Golf Views in an Elevated, Peaceful Setting in Casares | BlancaReal",200,true,0,property,en,yes,Property detail or property-related landing page.,,,
https://www.blancareal.com/property/almitak-offplan-apartments-and-penthouses-mijas-costa/,ALMITAK- OFFPLAN APARTMENTS AND PENTHOUSES MIJAS COSTA | BlancaReal,200,true,2,property,en,yes,Property detail or property-related landing page.,,,
https://www.blancareal.com/es/consejos-para-nueva-inversion-dar-de-alta-la-luz/,"Consejos para su nueva inversión, gestiones y cómo dar de alta la luz",200,true,0,other,es,yes,Informational or business content page worth manual migration review.,,,
https://www.blancareal.com/property/refined-contemporary-living-between-nature-and-marbella/,Refined Contemporary Living Between Nature and Marbella | BlancaReal,200,true,0,property,en,yes,Property detail or property-related landing page.,,,
https://www.blancareal.com/property/3-bedroom-semi-detached-panoramic-views-and-roof-terrace-malaga-centre/,3-bedroom semi-detached | Panoramic views and roof terrace | Malaga Centre,200,true,0,property,en,yes,Property detail or property-related landing page.,,,
https://www.blancareal.com/property/apartments-for-sale-mijas-costa/,NEW APARTMENTS CALA DE MIJAS COSTA DEL SOL | BlancaReal,200,true,0,property,en,yes,Property detail or property-related landing page.,,,
https://www.blancareal.com/property/newly-built-flats-in-el-higueron-fuengirola/,"NEWLY BUILT APARTMENTS IN EL HIGUERON, FUENGIROLA | BlancaReal",200,true,0,property,en,yes,Property detail or property-related landing page.,,,
https://www.blancareal.com/property/local-comercial-las-terrazas-de-miraflores/,COMMERCIAL PROPERTY OPPORTUNITY IN MIJAS COSTA | BlancaReal,200,true,1,property,en,yes,Property detail or property-related landing page.,,,
https://www.blancareal.com/property/cosy-flat-near-the-centre-of-fuengirola/,Cosy Flat Near The Centre Of Fuengirola | BlancaReal,200,true,0,property,en,yes,Property detail or property-related landing page.,,,
https://www.blancareal.com/property/charming-apartment-san-pedro/,Charming Apartment in San Pedro de Alcántara | BlancaReal,200,true,3,property,en,yes,Property detail or property-related landing page.,,,
https://www.blancareal.com/property/apartments-for-sale-eastern-costa-del-sol-with-sea-view/,APARTMENTS FOR SALE EASTERN COSTA DEL SOL WITH SEA VIEW | BlancaReal,200,true,0,property,en,yes,Property detail or property-related landing page.,,,
https://www.blancareal.com/property/luxury-villa-in-mijas-costa-del-sol/,"LUXURY VILLA IN MIJAS, COSTA DEL SOL | BlancaReal",200,true,0,property,en,yes,Property detail or property-related landing page.,,,
https://www.blancareal.com/property/plot-for-sale-in-mijas-costa/,Plot of more than 16.000 m2 in Mijas Costa | BlancaReal,200,true,3,property,en,yes,Property detail or property-related landing page.,,,
https://www.blancareal.com/real-estate-boom/,Real Estate BOOM in Costa del Sol | BlancaReal,200,true,1,other,en,yes,Informational or business content page worth manual migration review.,,,
https://www.blancareal.com/es/comercializacion-inmobiliaria-costa-del-sol/,Comercialización Inmobiliaria en la Costa del Sol | BlancaReal,200,true,0,service_page,es,yes,Business or transactional landing page.,https://blancareal.com/es/commercialization/,high,Legacy Spanish commercialization page.
https://www.blancareal.com/property/newly-built-apartments-in-el-higueron-fuengirola/,"NEWLY BUILT APARTMENTS IN EL HIGUERON, FUENGIROLA | BlancaReal",200,true,0,property,en,yes,Property detail or property-related landing page.,,,
https://www.blancareal.com/property/townhouse-in-las-lagunas-de-mijas/,TOWNHOUSE IN LAS LAGUNAS DE MIJAS | BlancaReal,200,true,0,property,en,yes,Property detail or property-related landing page.,,,
https://www.blancareal.com/property/exclusive-luxury-villa-san-pedro-alcantara/,Exclusive luxury villa in San Pedro de Alcántara | BlancaReal,200,true,2,property,en,yes,Property detail or property-related landing page.,,,
https://www.blancareal.com/about-us-2/,About us | BlancaReal,200,true,0,service_page,en,no,Clear duplicate or alias of another legacy URL.,https://blancareal.com/en/about/,high,Obvious duplicate of /about-us/. Legacy duplicate about page. Canonical legacy counterpart: /about-us/.
https://www.blancareal.com/property/amazing-duplex-penthouse-fuengirola/,Amazing Duplex Penthouse with 4 Bedrooms in Fuengirola | BlancaReal,200,true,3,property,en,yes,Property detail or property-related landing page.,https://blancareal.com/en/property/4-bedroom-duplex-penthouse-fuengirola/,high,Legacy property slug mapped through explicit alias (4-bedroom-duplex-penthouse-fuengirola).
https://www.blancareal.com/income-tax-return-2021-who-how-and-when-to-submit-it/,"Income Tax Return 2020: who, how and when. | BlancaReal",200,true,2,other,en,yes,Informational or business content page worth manual migration review.,,,
https://www.blancareal.com/nl/onze-promoties/,Onze promoties | BlancaReal,200,true,0,service_page,nl,yes,Business or transactional landing page.,https://blancareal.com/nl/projects/,high,Legacy Dutch developments page.
https://www.blancareal.com/property/3-bedrooms-penthouse-las-lagunas-mijas/,3 Bedrooms Penthouse in Las Lagunas de Mijas | BlancaReal,200,true,2,property,en,yes,Property detail or property-related landing page.,https://blancareal.com/en/property/3-bedroom-penthouse-las-lagunas-de-mijas/,high,Legacy property slug mapped through explicit alias (3-bedroom-penthouse-las-lagunas-de-mijas).
https://www.blancareal.com/property/house-for-sale-mijas/,"3 VILLAS IN EL CHAPARRAL, MIJAS COSTA | BlancaReal",200,true,0,property,en,yes,Property detail or property-related landing page.,,,
https://www.blancareal.com/rentals-2/,Villas and flats for rent in Malaga and province | BlancaReal,200,true,0,service_page,en,no,Clear duplicate or alias of another legacy URL.,,,Obvious duplicate of /rentals/. Canonical legacy counterpart: /rentals/.
https://www.blancareal.com/property/2-and-3-bedrooms-apartments-stunning-views-benalmadena/,"2 AND 3 BEDROOMS APARTMENTS, STUNNING VIEWS BENALMADENA | BlancaReal",200,true,1,property,en,yes,Property detail or property-related landing page.,,,
https://www.blancareal.com/property/apartment-to-rent-in-cala-de-mijas/,Apartment for 4 people in Mijas Costa | BlancaReal,200,true,0,property,en,yes,Property detail or property-related landing page.,,,
https://www.blancareal.com/property/2-bedrooms-apartment-fuengirola/,2 Bedrooms Apartment with Stunning Views in Fuengirola | BlancaReal,200,true,0,property,en,yes,Property detail or property-related landing page.,,,
https://www.blancareal.com/why-invest-in-andalusia/,Business incentives and other reasons to invest in Andalusia | BlancaReal,200,true,1,other,en,yes,Informational or business content page worth manual migration review.,,,
https://www.blancareal.com/property/piso-1a-planta-avenida-carlos-haya-malaga/,1st Floor Flat in Avenida Carlos Haya (Malaga) | BlancaReal,200,true,2,property,en,yes,Property detail or property-related landing page.,https://blancareal.com/en/property/1-bedroom-apartment-carlos-haya-malaga/,high,Legacy property slug mapped through explicit alias (1-bedroom-apartment-carlos-haya-malaga).
https://www.blancareal.com/advantages-sustainable-house/,6 advantages of a sustainable house | BlancaReal,200,true,2,other,en,yes,Informational or business content page worth manual migration review.,,,
https://www.blancareal.com/blancareal-new-sales-office-at-puerto-de-la-torre-costa-del-sol/,"BLANCAREAL NEW SALES OFFICE AT PUERTO DE LA TORRE, COSTA DEL SOL | BlancaReal",200,true,2,other,en,yes,Informational or business content page worth manual migration review.,,,
https://www.blancareal.com/property/an-intimate-collection-of-contemporary-sea-view-villas/,An Intimate Collection of Contemporary Sea-View Villas | BlancaReal,200,true,0,property,en,yes,Property detail or property-related landing page.,,,
https://www.blancareal.com/property/luxury-flat-with-sea-view-in-marbella/,LUXURY FLAT WITH SEA VIEW IN MARBELLA | BlancaReal,200,true,0,property,en,yes,Property detail or property-related landing page.,,,
https://www.blancareal.com/es/sell-your-property/,Sell Your Property | BlancaReal,200,true,0,service_page,es,yes,Business or transactional landing page.,https://blancareal.com/es/sell-with-us/,high,Legacy Spanish sell page.
https://www.blancareal.com/property/new-build-penthouse-los-pacos-fuengirola/,"New Build Penthouse in Los Pacos, Fuengirola | BlancaReal",200,true,1,property,en,yes,Property detail or property-related landing page.,https://blancareal.com/en/property/new-build-penthouse-fuengirola/,high,Legacy property slug mapped through explicit alias (new-build-penthouse-fuengirola).
https://www.blancareal.com/second-hand-2/,Second hand | BlancaReal,200,true,0,service_page,en,no,Clear duplicate or alias of another legacy URL.,,,Obvious duplicate of /second-hand/. Canonical legacy counterpart: /second-hand/.
https://www.blancareal.com/privacy-policy/,Privacy policy | BlancaReal,200,false,141,legal,en,no,Legal page is live but non-indexable in the old site.,,,Legal URLs stay in the master for completeness but are not priority keep candidates.
https://www.blancareal.com/cookies-policy/,Cookies policy | BlancaReal,200,false,141,legal,en,no,Legal page is live but non-indexable in the old site.,,,Legal URLs stay in the master for completeness but are not priority keep candidates.
https://www.blancareal.com/legal-notice/,Legal notice | BlancaReal,200,false,141,legal,en,no,Legal page is live but non-indexable in the old site.,,,Legal URLs stay in the master for completeness but are not priority keep candidates.
https://www.blancareal.com/es/,,301,false,12,language_variant,es,no,Legacy URL already redirects; keep only for audit coverage.,,,Has obvious duplicate alias(es): https://www.blancareal.com/home/. Included in the starter master even though it is not a live content page.
https://www.blancareal.com/property/stilvolle-villa-mit-meerblick-in-marbella-este-costa-del-sol/,Stilvolle Villa mit Meerblick in Marbella Este Costa del Sol | BlancaReal,200,false,14,property,en,no,URL is live but non-indexable in the old site.,,,"Kept in the master for audit completeness, not as a primary migration candidate."
https://www.blancareal.com/property/plots-for-sale-mijas/,Plots for sale near the castle of Fuengirola | BlancaReal,200,false,4,property,en,no,URL is live but non-indexable in the old site.,,,"Kept in the master for audit completeness, not as a primary migration candidate."
https://www.blancareal.com/property/pisos-en-venta-12-o-3-hab-con-vistas-al-mar-mijas/,"PISOS EN VENTA 1,2 O 3 HAB CON VISTAS AL MAR | MIJAS | BlancaReal",200,false,0,property,en,no,URL is live but non-indexable in the old site.,,,"Kept in the master for audit completeness, not as a primary migration candidate."
https://www.blancareal.com/?post_type=property&p=311475,,404,false,0,property,en,no,Legacy URL is already broken (404); keep only for error tracking.,,,Has obvious duplicate alias(es): https://www.blancareal.com/home/. Included in the starter master because migration QA still needs visibility on legacy errors.
https://www.blancareal.com/?post_type=property&p=311254,,404,false,0,property,en,no,Legacy URL is already broken (404); keep only for error tracking.,,,Has obvious duplicate alias(es): https://www.blancareal.com/home/. Included in the starter master because migration QA still needs visibility on legacy errors.
https://www.blancareal.com/?post_type=property&p=310529,,404,false,0,property,en,no,Legacy URL is already broken (404); keep only for error tracking.,,,Has obvious duplicate alias(es): https://www.blancareal.com/home/. Included in the starter master because migration QA still needs visibility on legacy errors.
https://www.blancareal.com/new-partner-for-new-develpments-in-costa-del-sol/,NEW PARTNER FOR NEW DEVELPMENTS IN COSTA DEL SOL | BlancaReal,200,false,3,other,en,no,URL is live but non-indexable in the old site.,,,"Kept in the master for audit completeness, not as a primary migration candidate."
https://www.blancareal.com/property/houses-for-sale-malaga/,"Penhouses Malaga, Costa del Sol | BlancaReal",200,false,0,property,en,no,URL is live but non-indexable in the old site.,,,"Kept in the master for audit completeness, not as a primary migration candidate."
https://www.blancareal.com/property/piso-3-habitaciones-marbella-este/,PISO 3 HABITACIONES MARBELLA ESTE | BlancaReal,200,false,0,property,en,no,URL is live but non-indexable in the old site.,,,"Kept in the master for audit completeness, not as a primary migration candidate."
http://www.blancareal.com/,,301,false,0,home,en,no,Legacy URL already redirects; keep only for audit coverage.,,,Has obvious duplicate alias(es): https://www.blancareal.com/home/. Included in the starter master even though it is not a live content page.
https://www.blancareal.com/property/location-appartment-mijas/,Appartement de 2 chambres avec vue sur la mer à Mijas | BlancaReal,200,false,0,property,en,no,URL is live but non-indexable in the old site.,,,"Kept in the master for audit completeness, not as a primary migration candidate."
https://www.blancareal.com/property/appartamento-vacanze-mijas/,,404,false,0,property,en,no,Legacy URL is already broken (404); keep only for error tracking.,,,Included in the starter master because migration QA still needs visibility on legacy errors.
https://www.blancareal.com/?post_type=property&p=313546,,404,false,0,property,en,no,Legacy URL is already broken (404); keep only for error tracking.,,,Has obvious duplicate alias(es): https://www.blancareal.com/home/. Included in the starter master because migration QA still needs visibility on legacy errors.
https://www.blancareal.com/?post_type=property&p=311152,,404,false,0,property,en,no,Legacy URL is already broken (404); keep only for error tracking.,,,Has obvious duplicate alias(es): https://www.blancareal.com/home/. Included in the starter master because migration QA still needs visibility on legacy errors.
https://www.blancareal.com/property/apartment-in-mijas-to-rent/,,404,false,2,property,en,no,Legacy URL is already broken (404); keep only for error tracking.,,,Included in the starter master because migration QA still needs visibility on legacy errors.
https://www.blancareal.com/?post_type=property&p=313929,,404,false,0,property,en,no,Legacy URL is already broken (404); keep only for error tracking.,,,Has obvious duplicate alias(es): https://www.blancareal.com/home/. Included in the starter master because migration QA still needs visibility on legacy errors.
https://www.blancareal.com/?post_type=property&p=310452,,404,false,0,property,en,no,Legacy URL is already broken (404); keep only for error tracking.,,,Has obvious duplicate alias(es): https://www.blancareal.com/home/. Included in the starter master because migration QA still needs visibility on legacy errors.
http://blancareal.com/,,301,false,0,home,en,no,Legacy URL already redirects; keep only for audit coverage.,,,Has obvious duplicate alias(es): https://www.blancareal.com/home/. Included in the starter master even though it is not a live content page.
https://www.blancareal.com/?page_id=311877,,404,false,0,other,en,no,Legacy URL is already broken (404); keep only for error tracking.,,,Has obvious duplicate alias(es): https://www.blancareal.com/home/. Included in the starter master because migration QA still needs visibility on legacy errors.
https://www.blancareal.com/property/flats-in-benahavis-marbella/,"APARTMENTES IN BENAHAVIS, COSTA DEL SOL | BlancaReal",200,false,0,property,en,no,URL is live but non-indexable in the old site.,,,"Kept in the master for audit completeness, not as a primary migration candidate."
https://www.blancareal.com/?post_type=property&p=310952,,404,false,0,property,en,no,Legacy URL is already broken (404); keep only for error tracking.,,,Has obvious duplicate alias(es): https://www.blancareal.com/home/. Included in the starter master because migration QA still needs visibility on legacy errors.
https://www.blancareal.com/?post_type=property&p=310834,,404,false,0,property,en,no,Legacy URL is already broken (404); keep only for error tracking.,,,Has obvious duplicate alias(es): https://www.blancareal.com/home/. Included in the starter master because migration QA still needs visibility on legacy errors.